{
  "source": "trained-ranker-importances",
  "model_sources": [
    {
      "source": "pick_xgb_ranker_global",
      "total_importance": 0.008803537581115961,
      "feature_importances": {
        "pick_rate": 0.005252627190202475,
        "ban_rate": 0.002111248904839158,
        "adjusted_win_rate": 0.0014396614860743284
      }
    },
    {
      "source": "ban_xgb_ranker_global",
      "total_importance": 0.041329337283968925,
      "feature_importances": {
        "pick_rate": 0.006251724902540445,
        "ban_rate": 0.028633147478103638,
        "adjusted_win_rate": 0.0064444649033248425
      }
    }
  ],
  "feature_weights": {
    "pick_rate": 0.22947720679699427,
    "ban_rate": 0.613258195658649,
    "adjusted_win_rate": 0.1572645975443567
  },
  "total_importance": 0.05013287486508489
}